contribution,metric,normalizedValue,rawValue,teamNumber,weight
<<<<<<< HEAD
2.523182,avgFuelPerMatch,1.802273,80.24,4,1.4
0.987317,avgAutoFuel,1.645528,12.6473,4,0.6
1.169434,avgShootHeldSec,1.461792,11.5636,4,0.8
0.634409,avgPassHeldSec,1.268818,4.0664,4,0.5
2.162845,estimatedFuelPoints,1.80237,80.2415,4,1.2
0.459094,consistencyIndex,0.510105,0.7881,4,0.9
0.312589,reliabilityIndex,0.312589,0.8727,4,1.0
-1.376195,disciplineIndex,-1.965992,0.9091,4,0.7
0.163278,defenseHeavyRate,0.408195,0.2727,4,0.4
0.278429,timelineCoverageRate,0.556859,1.0,4,0.5
1.801452,avgFuelPerMatch,1.286752,69.7791,294,1.4
0.565541,avgAutoFuel,0.942569,10.1527,294,0.6
0.949513,avgShootHeldSec,1.186891,10.9573,294,0.8
0.06351,avgPassHeldSec,0.127021,3.2991,294,0.5
1.544273,estimatedFuelPoints,1.286895,69.7817,294,1.2
0.208616,consistencyIndex,0.231796,0.7726,294,0.9
1.420576,reliabilityIndex,1.420576,1.0,294,1.0
0.350119,disciplineIndex,0.50017,0.9697,294,0.7
-0.40823,defenseHeavyRate,-1.020575,0.0,294,0.4
0.278429,timelineCoverageRate,0.556859,1.0,294,0.5
-0.089083,avgFuelPerMatch,-0.063631,42.3773,597,1.4
0.019123,avgAutoFuel,0.031872,6.9209,597,0.6
0.064462,avgShootHeldSec,0.080577,8.5173,597,0.8
1.311481,avgPassHeldSec,2.622962,4.9764,597,0.5
-0.076313,estimatedFuelPoints,-0.063594,42.3782,597,1.2
0.19892,consistencyIndex,0.221023,0.772,597,0.9
-0.003357,reliabilityIndex,-0.003357,0.8364,597,1.0
0.780273,disciplineIndex,1.114676,0.9848,597,0.7
0.544283,defenseHeavyRate,1.360708,0.4545,597,0.4
0.278429,timelineCoverageRate,0.556859,1.0,597,0.5
-0.24865,avgFuelPerMatch,-0.177607,40.0645,687,1.4
-0.084926,avgAutoFuel,-0.141543,6.3055,687,0.6
-0.160102,avgShootHeldSec,-0.200128,7.8982,687,0.8
0.236648,avgPassHeldSec,0.473295,3.5318,687,0.5
-0.213135,estimatedFuelPoints,-0.177612,40.0646,687,1.2
0.426775,consistencyIndex,0.474194,0.7861,687,0.9
0.946222,reliabilityIndex,0.946222,0.9455,687,1.0
-0.94604,disciplineIndex,-1.351486,0.9242,687,0.7
-0.40823,defenseHeavyRate,-1.020575,0.0,687,0.4
0.278429,timelineCoverageRate,0.556859,1.0,687,0.5
-0.778641,avgFuelPerMatch,-0.556172,32.3827,867,1.4
-0.333162,avgAutoFuel,-0.555271,4.8373,867,0.6
-0.342444,avgShootHeldSec,-0.428055,7.3955,867,0.8
0.169684,avgPassHeldSec,0.339369,3.4418,867,0.5
-0.667285,estimatedFuelPoints,-0.556071,32.3851,867,1.2
0.538278,consistencyIndex,0.598087,0.793,867,0.9
-0.794528,reliabilityIndex,-0.794528,0.7455,867,1.0
-0.082884,disciplineIndex,-0.118405,0.9545,867,0.7
1.497006,defenseHeavyRate,3.742515,0.9091,867,0.4
0.278429,timelineCoverageRate,0.556859,1.0,867,0.5
-0.806735,avgFuelPerMatch,-0.57624,31.9755,980,1.4
-0.520075,avgAutoFuel,-0.866792,3.7318,980,0.6
-0.496458,avgShootHeldSec,-0.620572,6.9709,980,0.8
-0.232095,avgPassHeldSec,-0.464189,2.9018,980,0.5
-0.691502,estimatedFuelPoints,-0.576251,31.9756,980,1.2
-0.882175,consistencyIndex,-0.980195,0.7051,980,0.9
-2.377739,reliabilityIndex,-2.377739,0.5636,980,1.0
-0.082884,disciplineIndex,-0.118405,0.9545,980,0.7
-0.217727,defenseHeavyRate,-0.544318,0.0909,980,0.4
0.278429,timelineCoverageRate,0.556859,1.0,980,0.5
1.214507,avgFuelPerMatch,0.867505,61.2718,1159,1.4
0.680986,avgAutoFuel,1.134977,10.8355,1159,0.6
0.925428,avgShootHeldSec,1.156785,10.8909,1159,0.8
-0.265874,avgPassHeldSec,-0.531748,2.8564,1159,0.5
1.040933,estimatedFuelPoints,0.867444,61.2704,1159,1.2
0.753204,consistencyIndex,0.836894,0.8063,1159,0.9
0.946222,reliabilityIndex,0.946222,0.9455,1159,1.0
0.350119,disciplineIndex,0.50017,0.9697,1159,0.7
-0.40823,defenseHeavyRate,-1.020575,0.0,1159,0.4
0.278429,timelineCoverageRate,0.556859,1.0,1159,0.5
-1.503821,avgFuelPerMatch,-1.074158,21.8718,1197,1.4
-0.562192,avgAutoFuel,-0.936987,3.4827,1197,0.6
-0.717068,avgShootHeldSec,-0.896335,6.3627,1197,0.8
0.229877,avgPassHeldSec,0.459754,3.5227,1197,0.5
-1.289037,estimatedFuelPoints,-1.074198,21.8715,1197,1.2
0.788756,consistencyIndex,0.876396,0.8085,1197,0.9
0.154181,reliabilityIndex,0.154181,0.8545,1197,1.0
0.780273,disciplineIndex,1.114676,0.9848,1197,0.7
0.163278,defenseHeavyRate,0.408195,0.2727,1197,0.4
0.278429,timelineCoverageRate,0.556859,1.0,1197,0.5
0.014214,avgFuelPerMatch,0.010153,43.8745,1515,1.4
-0.004852,avgAutoFuel,-0.008086,6.7791,1515,0.6
0.085899,avgShootHeldSec,0.107373,8.5764,1515,0.8
-0.841534,avgPassHeldSec,-1.683068,2.0827,1515,0.5
0.01208,estimatedFuelPoints,0.010067,43.8729,1515,1.2
0.000154,consistencyIndex,0.000171,0.7597,1515,0.9
1.103759,reliabilityIndex,1.103759,0.9636,1515,1.0
0.350119,disciplineIndex,0.50017,0.9697,1515,0.7
-0.40823,defenseHeavyRate,-1.020575,0.0,1515,0.4
0.278429,timelineCoverageRate,0.556859,1.0,1515,0.5
-1.669839,avgFuelPerMatch,-1.192742,19.4655,1661,1.4
-0.579556,avgAutoFuel,-0.965927,3.38,1661,0.6
-1.273671,avgShootHeldSec,-1.592088,4.8282,1661,0.8
-0.599351,avgPassHeldSec,-1.198701,2.4082,1661,0.5
-1.431365,estimatedFuelPoints,-1.192804,19.4648,1661,1.2
-2.095782,consistencyIndex,-2.328647,0.63,1661,0.9
-2.377739,reliabilityIndex,-2.377739,0.5636,1661,1.0
-0.513038,disciplineIndex,-0.732911,0.9394,1661,0.7
0.544283,defenseHeavyRate,1.360708,0.4545,1661,0.4
-1.520653,timelineCoverageRate,-3.041306,0.8182,1661,0.5
-0.720625,avgFuelPerMatch,-0.514732,33.2236,1759,1.4
-0.722661,avgAutoFuel,-1.204436,2.5336,1759,0.6
-0.598674,avgShootHeldSec,-0.748342,6.6891,1759,0.8
0.147363,avgPassHeldSec,0.294727,3.4118,1759,0.5
-0.617822,estimatedFuelPoints,-0.514851,33.2215,1759,1.2
0.111657,consistencyIndex,0.124063,0.7666,1759,0.9
0.154181,reliabilityIndex,0.154181,0.8545,1759,1.0
-0.513038,disciplineIndex,-0.732911,0.9394,1759,0.7
-0.217727,defenseHeavyRate,-0.544318,0.0909,1759,0.4
0.278429,timelineCoverageRate,0.556859,1.0,1759,0.5
1.559728,avgFuelPerMatch,1.114091,66.2755,1836,1.4
0.820693,avgAutoFuel,1.367822,11.6618,1836,0.6
0.991045,avgShootHeldSec,1.238806,11.0718,1836,0.8
0.865729,avgPassHeldSec,1.731459,4.3773,1836,0.5
1.337048,estimatedFuelPoints,1.114207,66.2776,1836,1.2
1.163665,consistencyIndex,1.292961,0.8317,1836,0.9
0.312589,reliabilityIndex,0.312589,0.8727,1836,1.0
-0.94604,disciplineIndex,-1.351486,0.9242,1836,0.7
0.734995,defenseHeavyRate,1.837488,0.5455,1836,0.4
0.278429,timelineCoverageRate,0.556859,1.0,1836,0.5
-0.933683,avgFuelPerMatch,-0.666916,30.1355,2584,1.4
-0.433847,avgAutoFuel,-0.723078,4.2418,2584,0.6
-0.322676,avgShootHeldSec,-0.403345,7.45,2584,0.8
-0.9768,avgPassHeldSec,-1.953599,1.9009,2584,0.5
-0.800239,estimatedFuelPoints,-0.666866,30.1369,2584,1.2
0.732196,consistencyIndex,0.813552,0.805,2584,0.9
0.312589,reliabilityIndex,0.312589,0.8727,2584,1.0
-0.94604,disciplineIndex,-1.351486,0.9242,2584,0.7
0.353781,defenseHeavyRate,0.884451,0.3636,2584,0.4
0.278429,timelineCoverageRate,0.556859,1.0,2584,0.5
2.737751,avgFuelPerMatch,1.955536,83.35,2710,1.4
0.996227,avgAutoFuel,1.660378,12.7,2710,0.6
1.438177,avgShootHeldSec,1.797721,12.3045,2710,0.8
-0.440425,avgPassHeldSec,-0.880849,2.6218,2710,0.5
2.346675,estimatedFuelPoints,1.955562,83.35,2710,1.2
1.62099,consistencyIndex,1.8011,0.86,2710,0.9
1.420576,reliabilityIndex,1.420576,1.0,2710,1.0
0.350119,disciplineIndex,0.50017,0.9697,2710,0.7
0.353781,defenseHeavyRate,0.884451,0.3636,2710,0.4
0.278429,timelineCoverageRate,0.556859,1.0,2710,0.5
-0.461708,avgFuelPerMatch,-0.329791,36.9764,3408,1.4
-0.046512,avgAutoFuel,-0.07752,6.5327,3408,0.6
-0.179907,avgShootHeldSec,-0.224884,7.8436,3408,0.8
0.810224,avgPassHeldSec,1.620449,4.3027,3408,0.5
-0.395717,estimatedFuelPoints,-0.329764,36.9772,3408,1.2
-0.389299,consistencyIndex,-0.432555,0.7356,3408,0.9
0.470997,reliabilityIndex,0.470997,0.8909,3408,1.0
-0.082884,disciplineIndex,-0.118405,0.9545,3408,0.7
-0.027225,defenseHeavyRate,-0.068062,0.1818,3408,0.4
-0.621112,timelineCoverageRate,-1.242224,0.9091,3408,0.5
-1.56359,avgFuelPerMatch,-1.11685,21.0055,3476,1.4
-0.539587,avgAutoFuel,-0.899311,3.6164,3476,0.6
-1.088354,avgShootHeldSec,-1.360442,5.3391,3476,0.8
-0.058958,avgPassHeldSec,-0.117915,3.1345,3476,0.5
-1.340186,estimatedFuelPoints,-1.116822,21.0066,3476,1.2
0.153673,consistencyIndex,0.170747,0.7692,3476,0.9
-2.060923,reliabilityIndex,-2.060923,0.6,3476,1.0
-0.94604,disciplineIndex,-1.351486,0.9242,3476,0.7
0.163278,defenseHeavyRate,0.408195,0.2727,3476,0.4
0.278429,timelineCoverageRate,0.556859,1.0,3476,0.5
-0.734044,avgFuelPerMatch,-0.524317,33.0291,3759,1.4
-0.343459,avgAutoFuel,-0.572432,4.7764,3759,0.6
-0.438095,avgShootHeldSec,-0.547619,7.1318,3759,0.8
-0.006131,avgPassHeldSec,-0.012262,3.2055,3759,0.5
-0.629135,estimatedFuelPoints,-0.524279,33.0302,3759,1.2
-1.043774,consistencyIndex,-1.159749,0.6951,3759,0.9
-1.111344,reliabilityIndex,-1.111344,0.7091,3759,1.0
1.213276,disciplineIndex,1.733251,1.0,3759,0.7
-0.40823,defenseHeavyRate,-1.020575,0.0,3759,0.4
-0.621112,timelineCoverageRate,-1.242224,0.9091,3759,0.5
-0.44873,avgFuelPerMatch,-0.320522,37.1645,4123,1.4
-0.306888,avgAutoFuel,-0.51148,4.9927,4123,0.6
-0.353689,avgShootHeldSec,-0.442111,7.3645,4123,0.8
0.129804,avgPassHeldSec,0.259608,3.3882,4123,0.5
-0.384493,estimatedFuelPoints,-0.320411,37.167,4123,1.2
0.365367,consistencyIndex,0.405964,0.7823,4123,0.9
0.787813,reliabilityIndex,0.787813,0.9273,4123,1.0
0.350119,disciplineIndex,0.50017,0.9697,4123,0.7
-0.40823,defenseHeavyRate,-1.020575,0.0,4123,0.4
0.278429,timelineCoverageRate,0.556859,1.0,4123,0.5
-1.107614,avgFuelPerMatch,-0.791153,27.6145,4201,1.4
-0.523305,avgAutoFuel,-0.872174,3.7127,4201,0.6
-0.894803,avgShootHeldSec,-1.118504,5.8727,4201,0.8
-0.821222,avgPassHeldSec,-1.642444,2.11,4201,0.5
-0.949432,estimatedFuelPoints,-0.791193,27.6141,4201,1.2
-1.769353,consistencyIndex,-1.965948,0.6502,4201,0.9
0.312589,reliabilityIndex,0.312589,0.8727,4201,1.0
-0.082884,disciplineIndex,-0.118405,0.9545,4201,0.7
-0.217727,defenseHeavyRate,-0.544318,0.0909,4201,0.4
-0.621112,timelineCoverageRate,-1.242224,0.9091,4201,0.5
-1.488077,avgFuelPerMatch,-1.062912,22.1,4322,1.4
-0.591848,avgAutoFuel,-0.986413,3.3073,4322,0.6
-0.88258,avgShootHeldSec,-1.103224,5.9064,4322,0.8
-0.090058,avgPassHeldSec,-0.180117,3.0927,4322,0.5
-1.275418,estimatedFuelPoints,-1.062848,22.1018,4322,1.2
0.376679,consistencyIndex,0.418532,0.783,4322,0.9
-0.320174,reliabilityIndex,-0.320174,0.8,4322,1.0
0.350119,disciplineIndex,0.50017,0.9697,4322,0.7
-0.027225,defenseHeavyRate,-0.068062,0.1818,4322,0.4
0.278429,timelineCoverageRate,0.556859,1.0,4322,0.5
-1.116266,avgFuelPerMatch,-0.797333,27.4891,4415,1.4
-0.498704,avgAutoFuel,-0.831173,3.8582,4415,0.6
-0.670893,avgShootHeldSec,-0.838616,6.49,4415,0.8
-0.088719,avgPassHeldSec,-0.177438,3.0945,4415,0.5
-0.956688,estimatedFuelPoints,-0.79724,27.4914,4415,1.2
-0.253556,consistencyIndex,-0.281729,0.744,4415,0.9
1.103759,reliabilityIndex,1.103759,0.9636,4415,1.0
0.780273,disciplineIndex,1.114676,0.9848,4415,0.7
-0.40823,defenseHeavyRate,-1.020575,0.0,4415,0.4
0.278429,timelineCoverageRate,0.556859,1.0,4415,0.5
-0.254984,avgFuelPerMatch,-0.182131,39.9727,4470,1.4
-0.155937,avgAutoFuel,-0.259896,5.8855,4470,0.6
0.004104,avgShootHeldSec,0.00513,8.3509,4470,0.8
-0.345709,avgPassHeldSec,-0.691418,2.7491,4470,0.5
-0.218641,estimatedFuelPoints,-0.1822,39.9715,4470,1.2
0.481718,consistencyIndex,0.535243,0.7895,4470,0.9
-0.478582,reliabilityIndex,-0.478582,0.7818,4470,1.0
0.780273,disciplineIndex,1.114676,0.9848,4470,0.7
0.163278,defenseHeavyRate,0.408195,0.2727,4470,0.4
0.278429,timelineCoverageRate,0.556859,1.0,4470,0.5
-1.862399,avgFuelPerMatch,-1.330285,16.6745,4501,1.4
-0.766148,avgAutoFuel,-1.276913,2.2764,4501,0.6
-1.139462,avgShootHeldSec,-1.424328,5.1982,4501,0.8
-0.453296,avgPassHeldSec,-0.906593,2.6045,4501,0.5
-1.596241,estimatedFuelPoints,-1.330201,16.6768,4501,1.2
-1.358892,consistencyIndex,-1.50988,0.6756,4501,0.9
-1.744106,reliabilityIndex,-1.744106,0.6364,4501,1.0
-1.376195,disciplineIndex,-1.965992,0.9091,4501,0.7
0.353781,defenseHeavyRate,0.884451,0.3636,4501,0.4
-0.621112,timelineCoverageRate,-1.242224,0.9091,4501,0.5
0.195231,avgFuelPerMatch,0.139451,46.4982,4964,1.4
0.220323,avgAutoFuel,0.367205,8.1109,4964,0.6
0.292979,avgShootHeldSec,0.366224,9.1473,4964,0.8
0.666179,avgPassHeldSec,1.332358,4.1091,4964,0.5
0.167294,estimatedFuelPoints,0.139411,46.4975,4964,1.2
0.003386,consistencyIndex,0.003762,0.7599,4964,0.9
0.470997,reliabilityIndex,0.470997,0.8909,4964,1.0
0.780273,disciplineIndex,1.114676,0.9848,4964,0.7
-0.40823,defenseHeavyRate,-1.020575,0.0,4964,0.4
0.278429,timelineCoverageRate,0.556859,1.0,4964,0.5
-1.01328,avgFuelPerMatch,-0.723771,28.9818,4999,1.4
-0.532671,avgAutoFuel,-0.887786,3.6573,4999,0.6
-0.41499,avgShootHeldSec,-0.518737,7.1955,4999,0.8
-0.186783,avgPassHeldSec,-0.373566,2.9627,4999,0.5
-0.868496,estimatedFuelPoints,-0.723746,28.9827,4999,1.2
0.906723,consistencyIndex,1.00747,0.8158,4999,0.9
0.154181,reliabilityIndex,0.154181,0.8545,4999,1.0
0.780273,disciplineIndex,1.114676,0.9848,4999,0.7
-0.027225,defenseHeavyRate,-0.068062,0.1818,4999,0.4
0.278429,timelineCoverageRate,0.556859,1.0,4999,0.5
-0.79482,avgFuelPerMatch,-0.567729,32.1482,5089,1.4
-0.19283,avgAutoFuel,-0.321383,5.6673,5089,0.6
-0.44535,avgShootHeldSec,-0.556687,7.1118,5089,0.8
0.073629,avgPassHeldSec,0.147259,3.3127,5089,0.5
-0.681129,estimatedFuelPoints,-0.567607,32.151,5089,1.2
0.260328,consistencyIndex,0.289253,0.7758,5089,0.9
-1.42816,reliabilityIndex,-1.42816,0.6727,5089,1.0
-0.513038,disciplineIndex,-0.732911,0.9394,5089,0.7
0.163278,defenseHeavyRate,0.408195,0.2727,5089,0.4
0.278429,timelineCoverageRate,0.556859,1.0,5089,0.5
-0.071524,avgFuelPerMatch,-0.051089,42.6318,5124,1.4
0.032345,avgAutoFuel,0.053908,6.9991,5124,0.6
0.471368,avgShootHeldSec,0.589209,9.6391,5124,0.8
0.222436,avgPassHeldSec,0.444873,3.5127,5124,0.5
-0.06134,estimatedFuelPoints,-0.051116,42.6314,5124,1.2
1.514335,consistencyIndex,1.682594,0.8534,5124,0.9
-0.63699,reliabilityIndex,-0.63699,0.7636,5124,1.0
-0.082884,disciplineIndex,-0.118405,0.9545,5124,0.7
-0.217727,defenseHeavyRate,-0.544318,0.0909,5124,0.4
0.278429,timelineCoverageRate,0.556859,1.0,5124,0.5
3.712623,avgFuelPerMatch,2.651874,97.48,5137,1.4
1.762595,avgAutoFuel,2.937659,17.2327,5137,0.6
1.82234,avgShootHeldSec,2.277925,13.3636,5137,0.8
0.44096,avgPassHeldSec,0.881919,3.8064,5137,0.5
3.182235,estimatedFuelPoints,2.651862,97.479,5137,1.2
0.851779,consistencyIndex,0.946422,0.8124,5137,0.9
0.312589,reliabilityIndex,0.312589,0.8727,5137,1.0
1.213276,disciplineIndex,1.733251,1.0,5137,0.7
-0.217727,defenseHeavyRate,-0.544318,0.0909,5137,0.4
0.278429,timelineCoverageRate,0.556859,1.0,5137,0.5
-0.166479,avgFuelPerMatch,-0.118914,41.2555,5669,1.4
-0.082322,avgAutoFuel,-0.137203,6.3209,5669,0.6
0.008384,avgShootHeldSec,0.01048,8.3627,5669,0.8
-0.239535,avgPassHeldSec,-0.47907,2.8918,5669,0.5
-0.142696,estimatedFuelPoints,-0.118913,41.2557,5669,1.2
-0.770672,consistencyIndex,-0.856303,0.712,5669,0.9
1.420576,reliabilityIndex,1.420576,1.0,5669,1.0
-0.082884,disciplineIndex,-0.118405,0.9545,5669,0.7
-0.027225,defenseHeavyRate,-0.068062,0.1818,5669,0.4
-0.621112,timelineCoverageRate,-1.242224,0.9091,5669,0.5
0.377117,avgFuelPerMatch,0.269369,49.1345,5835,1.4
0.41738,avgAutoFuel,0.695634,9.2764,5835,0.6
0.404082,avgShootHeldSec,0.505102,9.4536,5835,0.8
-0.830001,avgPassHeldSec,-1.660003,2.0982,5835,0.5
0.323152,estimatedFuelPoints,0.269293,49.133,5835,1.2
0.345975,consistencyIndex,0.384417,0.7811,5835,0.9
-0.320174,reliabilityIndex,-0.320174,0.8,5835,1.0
0.350119,disciplineIndex,0.50017,0.9697,5835,0.7
0.163278,defenseHeavyRate,0.408195,0.2727,5835,0.4
0.278429,timelineCoverageRate,0.556859,1.0,5835,0.5
2.701874,avgFuelPerMatch,1.92991,82.83,5857,1.4
1.199878,avgAutoFuel,1.999797,13.9045,5857,0.6
1.572386,avgShootHeldSec,1.965482,12.6745,5857,0.8
0.24818,avgPassHeldSec,0.49636,3.5473,5857,0.5
2.315781,estimatedFuelPoints,1.929818,82.8276,5857,1.2
-0.007926,consistencyIndex,-0.008807,0.7592,5857,0.9
0.629405,reliabilityIndex,0.629405,0.9091,5857,1.0
-0.513038,disciplineIndex,-0.732911,0.9394,5857,0.7
0.163278,defenseHeavyRate,0.408195,0.2727,5857,0.4
0.278429,timelineCoverageRate,0.556859,1.0,5857,0.5
-1.286996,avgFuelPerMatch,-0.919283,25.0145,6000,1.4
-0.634894,avgAutoFuel,-1.058157,3.0527,6000,0.6
-0.775757,avgShootHeldSec,-0.969696,6.2009,6000,0.8
-0.181352,avgPassHeldSec,-0.362703,2.97,6000,0.5
-1.103013,estimatedFuelPoints,-0.919178,25.0171,6000,1.2
-1.342732,consistencyIndex,-1.491924,0.6766,6000,0.9
-0.478582,reliabilityIndex,-0.478582,0.7818,6000,1.0
-0.082884,disciplineIndex,-0.118405,0.9545,6000,0.7
-0.40823,defenseHeavyRate,-1.020575,0.0,6000,0.4
-0.621112,timelineCoverageRate,-1.242224,0.9091,6000,0.5
0.67881,avgFuelPerMatch,0.484865,53.5073,6072,1.4
0.158069,avgAutoFuel,0.263449,7.7427,6072,0.6
0.225693,avgShootHeldSec,0.282117,8.9618,6072,0.8
-0.031875,avgPassHeldSec,-0.06375,3.1709,6072,0.5
0.581774,estimatedFuelPoints,0.484811,53.5062,6072,1.2
-1.488171,consistencyIndex,-1.653523,0.6676,6072,0.9
-1.586569,reliabilityIndex,-1.586569,0.6545,6072,1.0
0.350119,disciplineIndex,0.50017,0.9697,6072,0.7
-0.217727,defenseHeavyRate,-0.544318,0.0909,6072,0.4
-0.621112,timelineCoverageRate,-1.242224,0.9091,6072,0.5
-1.79315,avgFuelPerMatch,-1.280822,17.6782,6220,1.4
-0.764609,avgAutoFuel,-1.274348,2.2855,6220,0.6
-0.984832,avgShootHeldSec,-1.23104,5.6245,6220,0.8
-0.403223,avgPassHeldSec,-0.806446,2.6718,6220,0.5
-1.537145,estimatedFuelPoints,-1.280954,17.6761,6220,1.2
0.329815,consistencyIndex,0.366462,0.7801,6220,0.9
1.103759,reliabilityIndex,1.103759,0.9636,6220,1.0
-0.94604,disciplineIndex,-1.351486,0.9242,6220,0.7
-0.40823,defenseHeavyRate,-1.020575,0.0,6220,0.4
0.278429,timelineCoverageRate,0.556859,1.0,6220,0.5
-0.204681,avgFuelPerMatch,-0.146201,40.7018,6904,1.4
0.094294,avgAutoFuel,0.157157,7.3655,6904,0.6
0.008384,avgShootHeldSec,0.01048,8.3627,6904,0.8
-0.290278,avgPassHeldSec,-0.580557,2.8236,6904,0.5
-0.17557,estimatedFuelPoints,-0.146309,40.6998,6904,1.2
0.289416,consistencyIndex,0.321573,0.7776,6904,0.9
0.787813,reliabilityIndex,0.787813,0.9273,6904,1.0
-0.082884,disciplineIndex,-0.118405,0.9545,6904,0.7
0.163278,defenseHeavyRate,0.408195,0.2727,6904,0.4
0.278429,timelineCoverageRate,0.556859,1.0,6904,0.5
-1.205453,avgFuelPerMatch,-0.861038,26.1964,7042,1.4
-0.329172,avgAutoFuel,-0.54862,4.8609,7042,0.6
-0.87732,avgShootHeldSec,-1.09665,5.9209,7042,0.8
-0.268627,avgPassHeldSec,-0.537254,2.8527,7042,0.5
-1.033266,estimatedFuelPoints,-0.861055,26.1965,7042,1.2
-1.989127,consistencyIndex,-2.210141,0.6366,7042,0.9
0.154181,reliabilityIndex,0.154181,0.8545,7042,1.0
-0.513038,disciplineIndex,-0.732911,0.9394,7042,0.7
0.353781,defenseHeavyRate,0.884451,0.3636,7042,0.4
-1.520653,timelineCoverageRate,-3.041306,0.8182,7042,0.5
0.48249,avgFuelPerMatch,0.344636,50.6618,7230,1.4
0.356665,avgAutoFuel,0.594442,8.9173,7230,0.6
0.448298,avgShootHeldSec,0.560373,9.5755,7230,0.8
0.762234,avgPassHeldSec,1.524468,4.2382,7230,0.5
0.413349,estimatedFuelPoints,0.344457,50.6582,7230,1.2
0.129433,consistencyIndex,0.143814,0.7677,7230,0.9
0.312589,reliabilityIndex,0.312589,0.8727,7230,1.0
-0.513038,disciplineIndex,-0.732911,0.9394,7230,0.7
0.544283,defenseHeavyRate,1.360708,0.4545,7230,0.4
0.278429,timelineCoverageRate,0.556859,1.0,7230,0.5
1.776111,avgFuelPerMatch,1.268651,69.4118,8898,1.4
0.644854,avgAutoFuel,1.074757,10.6218,8898,0.6
0.814289,avgShootHeldSec,1.017861,10.5845,8898,0.8
0.917142,avgPassHeldSec,1.834284,4.4464,8898,0.5
1.522292,estimatedFuelPoints,1.268577,69.41,8898,1.2
-0.381219,consistencyIndex,-0.423577,0.7361,8898,0.9
0.470997,reliabilityIndex,0.470997,0.8909,8898,1.0
1.213276,disciplineIndex,1.733251,1.0,8898,0.7
-0.027225,defenseHeavyRate,-0.068062,0.1818,8898,0.4
-0.621112,timelineCoverageRate,-1.242224,0.9091,8898,0.5
2.16417,avgFuelPerMatch,1.545836,75.0364,9408,1.4
0.866039,avgAutoFuel,1.443398,11.93,9408,0.6
1.249233,avgShootHeldSec,1.561542,11.7836,9408,0.8
0.055401,avgPassHeldSec,0.110801,3.2882,9408,0.5
1.855014,estimatedFuelPoints,1.545845,75.0362,9408,1.2
0.612613,consistencyIndex,0.680681,0.7976,9408,0.9
0.946222,reliabilityIndex,0.946222,0.9455,9408,1.0
-0.082884,disciplineIndex,-0.118405,0.9545,9408,0.7
-0.40823,defenseHeavyRate,-1.020575,0.0,9408,0.4
0.278429,timelineCoverageRate,0.556859,1.0,9408,0.5
-1.337168,avgFuelPerMatch,-0.95512,24.2873,9505,1.4
-0.593843,avgAutoFuel,-0.989738,3.2955,9505,0.6
-0.922806,avgShootHeldSec,-1.153507,5.7955,9505,0.8
0.095281,avgPassHeldSec,0.190562,3.3418,9505,0.5
-1.146148,estimatedFuelPoints,-0.955124,24.2877,9505,1.2
-1.059934,consistencyIndex,-1.177705,0.6941,9505,0.9
-0.320174,reliabilityIndex,-0.320174,0.8,9505,1.0
-0.94604,disciplineIndex,-1.351486,0.9242,9505,0.7
-0.217727,defenseHeavyRate,-0.544318,0.0909,9505,0.4
-0.621112,timelineCoverageRate,-1.242224,0.9091,9505,0.5
1.490859,avgFuelPerMatch,1.064899,65.2773,9696,1.4
0.281647,avgAutoFuel,0.469411,8.4736,9696,0.6
0.557116,avgShootHeldSec,0.696395,9.8755,9696,0.8
-0.120489,avgPassHeldSec,-0.240979,3.0518,9696,0.5
1.278017,estimatedFuelPoints,1.065014,65.2794,9696,1.2
0.174681,consistencyIndex,0.19409,0.7705,9696,0.9
0.154181,reliabilityIndex,0.154181,0.8545,9696,1.0
0.350119,disciplineIndex,0.50017,0.9697,9696,0.7
-0.40823,defenseHeavyRate,-1.020575,0.0,9696,0.4
0.278429,timelineCoverageRate,0.556859,1.0,9696,0.5
0.231921,avgFuelPerMatch,0.165658,47.03,11096,1.4
0.040021,avgAutoFuel,0.066702,7.0445,11096,0.6
0.477316,avgShootHeldSec,0.596645,9.6555,11096,0.8
-0.307838,avgPassHeldSec,-0.615675,2.8,11096,0.5
0.19869,estimatedFuelPoints,0.165575,47.0284,11096,1.2
1.034386,consistencyIndex,1.149318,0.8237,11096,0.9
-0.63699,reliabilityIndex,-0.63699,0.7636,11096,1.0
0.780273,disciplineIndex,1.114676,0.9848,11096,0.7
-0.027225,defenseHeavyRate,-0.068062,0.1818,11096,0.4
0.278429,timelineCoverageRate,0.556859,1.0,11096,0.5
=======
1.337507,avgFuelPerMatch,0.955362,78.8667,4,1.4
-0.11791,avgAutoFuel,-0.196517,1.6333,4,0.6
0.764286,avgShootHeldSec,0.955357,15.7733,4,0.8
-0.332956,avgPassHeldSec,-0.665912,0.0,4,0.5
1.146434,estimatedFuelPoints,0.955362,78.8667,4,1.2
2.192388,consistencyIndex,2.435986,0.918,4,0.9
1.127563,reliabilityIndex,1.127563,1.0,4,1.0
0.119747,disciplineIndex,0.171067,1.0,4,0.7
-0.201583,defenseHeavyRate,-0.503957,0.0,4,0.4
0.47301,timelineCoverageRate,0.946021,1.0,4,0.5
2.219531,avgFuelPerMatch,1.585379,103.6833,294,1.4
0.318882,avgAutoFuel,0.53147,3.9917,294,0.6
1.268308,avgShootHeldSec,1.585385,20.7367,294,0.8
1.095024,avgPassHeldSec,2.190048,15.8583,294,0.5
1.902455,estimatedFuelPoints,1.585379,103.6833,294,1.2
-0.016017,consistencyIndex,-0.017796,0.5165,294,0.9
-0.374271,reliabilityIndex,-0.374271,0.7667,294,1.0
0.119747,disciplineIndex,0.171067,1.0,294,0.7
-0.201583,defenseHeavyRate,-0.503957,0.0,294,0.4
0.200816,timelineCoverageRate,0.401632,0.8333,294,0.5
-0.766267,avgFuelPerMatch,-0.547334,19.675,597,1.4
-0.242147,avgAutoFuel,-0.403578,0.9625,597,0.6
-0.437867,avgShootHeldSec,-0.547334,3.935,597,0.8
-0.332956,avgPassHeldSec,-0.665912,0.0,597,0.5
-0.6568,estimatedFuelPoints,-0.547334,19.675,597,1.2
1.109912,consistencyIndex,1.233236,0.7212,597,0.9
0.161961,reliabilityIndex,0.161961,0.85,597,1.0
0.119747,disciplineIndex,0.171067,1.0,597,0.7
-0.201583,defenseHeavyRate,-0.503957,0.0,597,0.4
0.47301,timelineCoverageRate,0.946021,1.0,597,0.5
2.684388,avgFuelPerMatch,1.91742,116.7625,687,1.4
2.160913,avgAutoFuel,3.601521,13.9375,687,0.6
1.533936,avgShootHeldSec,1.917421,23.3525,687,0.8
1.503537,avgPassHeldSec,3.007074,20.395,687,0.5
2.300904,estimatedFuelPoints,1.91742,116.7625,687,1.2
1.273823,consistencyIndex,1.415359,0.751,687,0.9
0.483828,reliabilityIndex,0.483828,0.9,687,1.0
0.119747,disciplineIndex,0.171067,1.0,687,0.7
-0.201583,defenseHeavyRate,-0.503957,0.0,687,0.4
0.47301,timelineCoverageRate,0.946021,1.0,687,0.5
-1.258964,avgFuelPerMatch,-0.89926,5.8125,867,1.4
-0.420409,avgAutoFuel,-0.700681,0.0,867,0.6
-0.719408,avgShootHeldSec,-0.89926,1.1625,867,0.8
-0.332956,avgPassHeldSec,-0.665912,0.0,867,0.5
-1.079112,estimatedFuelPoints,-0.89926,5.8125,867,1.2
-0.843824,consistencyIndex,-0.937583,0.366,867,0.9
1.127563,reliabilityIndex,1.127563,1.0,867,1.0
0.119747,disciplineIndex,0.171067,1.0,867,0.7
-0.201583,defenseHeavyRate,-0.503957,0.0,867,0.4
-0.751619,timelineCoverageRate,-1.503239,0.25,867,0.5
-1.063929,avgFuelPerMatch,-0.759949,11.3,980,1.4
-0.420409,avgAutoFuel,-0.700681,0.0,980,0.6
-0.607959,avgShootHeldSec,-0.759949,2.26,980,0.8
-0.121122,avgPassHeldSec,-0.242245,2.3525,980,0.5
-0.911939,estimatedFuelPoints,-0.759949,11.3,980,1.2
-0.108973,consistencyIndex,-0.121081,0.4996,980,0.9
0.161961,reliabilityIndex,0.161961,0.85,980,1.0
0.119747,disciplineIndex,0.171067,1.0,980,0.7
0.536738,defenseHeavyRate,1.341845,0.25,980,0.4
-0.343409,timelineCoverageRate,-0.686819,0.5,980,0.5
-0.186642,avgFuelPerMatch,-0.133316,35.9833,1159,1.4
-0.173472,avgAutoFuel,-0.289121,1.3333,1159,0.6
-0.106649,avgShootHeldSec,-0.133311,7.1967,1159,0.8
-0.317801,avgPassHeldSec,-0.635602,0.1683,1159,0.5
-0.159979,estimatedFuelPoints,-0.133316,35.9833,1159,1.2
-0.308087,consistencyIndex,-0.342319,0.4634,1159,0.9
0.483828,reliabilityIndex,0.483828,0.9,1159,1.0
0.119747,disciplineIndex,0.171067,1.0,1159,0.7
0.29073,defenseHeavyRate,0.726824,0.1667,1159,0.4
0.200816,timelineCoverageRate,0.401632,0.8333,1159,0.5
-0.8258,avgFuelPerMatch,-0.589857,18.0,1197,1.4
-0.098612,avgAutoFuel,-0.164353,1.7375,1197,0.6
-0.471885,avgShootHeldSec,-0.589857,3.6,1197,0.8
-0.20464,avgPassHeldSec,-0.40928,1.425,1197,0.5
-0.707828,estimatedFuelPoints,-0.589857,18.0,1197,1.2
0.894297,consistencyIndex,0.993663,0.682,1197,0.9
-0.159907,reliabilityIndex,-0.159907,0.8,1197,1.0
0.119747,disciplineIndex,0.171067,1.0,1197,0.7
-0.201583,defenseHeavyRate,-0.503957,0.0,1197,0.4
0.47301,timelineCoverageRate,0.946021,1.0,1197,0.5
-0.259798,avgFuelPerMatch,-0.18557,33.925,1515,1.4
-0.420409,avgAutoFuel,-0.700681,0.0,1515,0.6
-0.148456,avgShootHeldSec,-0.18557,6.785,1515,0.8
1.033496,avgPassHeldSec,2.066991,15.175,1515,0.5
-0.222684,estimatedFuelPoints,-0.18557,33.925,1515,1.2
0.442715,consistencyIndex,0.491906,0.5999,1515,0.9
-0.481774,reliabilityIndex,-0.481774,0.75,1515,1.0
0.119747,disciplineIndex,0.171067,1.0,1515,0.7
-0.201583,defenseHeavyRate,-0.503957,0.0,1515,0.4
0.47301,timelineCoverageRate,0.946021,1.0,1515,0.5
2.632763,avgFuelPerMatch,1.880545,115.31,1661,1.4
-0.420409,avgAutoFuel,-0.700681,0.0,1661,0.6
1.504437,avgShootHeldSec,1.880546,23.062,1661,0.8
-0.332056,avgPassHeldSec,-0.664111,0.01,1661,0.5
2.256654,estimatedFuelPoints,1.880545,115.31,1661,1.2
1.598346,consistencyIndex,1.77594,0.81,1661,0.9
1.127563,reliabilityIndex,1.127563,1.0,1661,1.0
0.119747,disciplineIndex,0.171067,1.0,1661,0.7
-0.201583,defenseHeavyRate,-0.503957,0.0,1661,0.4
0.47301,timelineCoverageRate,0.946021,1.0,1661,0.5
-1.311655,avgFuelPerMatch,-0.936896,4.33,1759,1.4
-0.420409,avgAutoFuel,-0.700681,0.0,1759,0.6
-0.749517,avgShootHeldSec,-0.936896,0.866,1759,0.8
-0.32215,avgPassHeldSec,-0.644301,0.12,1759,0.5
-1.124275,estimatedFuelPoints,-0.936896,4.33,1759,1.2
-0.539653,consistencyIndex,-0.599615,0.4213,1759,0.9
1.127563,reliabilityIndex,1.127563,1.0,1759,1.0
0.119747,disciplineIndex,0.171067,1.0,1759,0.7
0.389074,defenseHeavyRate,0.972685,0.2,1759,0.4
0.146442,timelineCoverageRate,0.292885,0.8,1759,0.5
0.318643,avgFuelPerMatch,0.227602,50.2,1836,1.4
1.435365,avgAutoFuel,2.392274,10.02,1836,0.6
0.182082,avgShootHeldSec,0.227603,10.04,1836,0.8
0.988022,avgPassHeldSec,1.976044,14.67,1836,0.5
0.273123,estimatedFuelPoints,0.227602,50.2,1836,1.2
-0.77782,consistencyIndex,-0.864244,0.378,1836,0.9
-0.159907,reliabilityIndex,-0.159907,0.8,1836,1.0
-0.033285,disciplineIndex,-0.04755,0.9667,1836,0.7
-0.201583,defenseHeavyRate,-0.503957,0.0,1836,0.4
0.47301,timelineCoverageRate,0.946021,1.0,1836,0.5
1.637834,avgFuelPerMatch,1.169881,87.3167,2584,1.4
1.420863,avgAutoFuel,2.368105,9.9417,2584,0.6
0.935902,avgShootHeldSec,1.169877,17.4633,2584,0.8
-0.201335,avgPassHeldSec,-0.402671,1.4617,2584,0.5
1.403858,estimatedFuelPoints,1.169881,87.3167,2584,1.2
0.351959,consistencyIndex,0.391066,0.5834,2584,0.9
-1.018006,reliabilityIndex,-1.018006,0.6667,2584,1.0
0.119747,disciplineIndex,0.171067,1.0,2584,0.7
-0.201583,defenseHeavyRate,-0.503957,0.0,2584,0.4
0.200816,timelineCoverageRate,0.401632,0.8333,2584,0.5
0.310824,avgFuelPerMatch,0.222017,49.98,2710,1.4
-0.333361,avgAutoFuel,-0.555602,0.47,2710,0.6
0.177614,avgShootHeldSec,0.222018,9.996,2710,0.8
-0.168352,avgPassHeldSec,-0.336703,1.828,2710,0.5
0.266421,estimatedFuelPoints,0.222017,49.98,2710,1.2
0.778239,consistencyIndex,0.86471,0.6609,2710,0.9
-1.447377,reliabilityIndex,-1.447377,0.6,2710,1.0
0.119747,disciplineIndex,0.171067,1.0,2710,0.7
-0.201583,defenseHeavyRate,-0.503957,0.0,2710,0.4
0.47301,timelineCoverageRate,0.946021,1.0,2710,0.5
-0.437062,avgFuelPerMatch,-0.312187,28.9375,3408,1.4
-0.420409,avgAutoFuel,-0.700681,0.0,3408,0.6
-0.24975,avgShootHeldSec,-0.312187,5.7875,3408,0.8
-0.332956,avgPassHeldSec,-0.665912,0.0,3408,0.5
-0.374625,estimatedFuelPoints,-0.312187,28.9375,3408,1.2
-0.568805,consistencyIndex,-0.632006,0.416,3408,0.9
-2.091112,reliabilityIndex,-2.091112,0.5,3408,1.0
0.119747,disciplineIndex,0.171067,1.0,3408,0.7
-0.201583,defenseHeavyRate,-0.503957,0.0,3408,0.4
-0.343409,timelineCoverageRate,-0.686819,0.5,3408,0.5
3.414681,avgFuelPerMatch,2.439058,137.31,3476,1.4
0.685277,avgAutoFuel,1.142128,5.97,3476,0.6
1.951247,avgShootHeldSec,2.439059,27.462,3476,0.8
0.676102,avgPassHeldSec,1.352204,11.206,3476,0.5
2.926869,estimatedFuelPoints,2.439058,137.31,3476,1.2
1.233121,consistencyIndex,1.370134,0.7436,3476,0.9
0.612575,reliabilityIndex,0.612575,0.92,3476,1.0
0.119747,disciplineIndex,0.171067,1.0,3476,0.7
-0.201583,defenseHeavyRate,-0.503957,0.0,3476,0.4
0.47301,timelineCoverageRate,0.946021,1.0,3476,0.5
-1.311239,avgFuelPerMatch,-0.936599,4.3417,3759,1.4
-0.173472,avgAutoFuel,-0.289121,1.3333,3759,0.6
-0.749283,avgShootHeldSec,-0.936604,0.8683,3759,0.8
-0.332209,avgPassHeldSec,-0.664417,0.0083,3759,0.5
-1.123919,estimatedFuelPoints,-0.936599,4.3417,3759,1.2
-1.116093,consistencyIndex,-1.240104,0.3165,3759,0.9
1.127563,reliabilityIndex,1.127563,1.0,3759,1.0
0.119747,disciplineIndex,0.171067,1.0,3759,0.7
0.29073,defenseHeavyRate,0.726824,0.1667,3759,0.4
-0.343409,timelineCoverageRate,-0.686819,0.5,3759,0.5
0.994824,avgFuelPerMatch,0.710589,69.225,4123,1.4
-0.181177,avgAutoFuel,-0.301962,1.2917,4123,0.6
0.568471,avgShootHeldSec,0.710589,13.845,4123,0.8
0.261502,avgPassHeldSec,0.523004,6.6017,4123,0.5
0.852706,estimatedFuelPoints,0.710589,69.225,4123,1.2
0.064839,consistencyIndex,0.072043,0.5312,4123,0.9
0.054457,reliabilityIndex,0.054457,0.8333,4123,1.0
0.119747,disciplineIndex,0.171067,1.0,4123,0.7
-0.201583,defenseHeavyRate,-0.503957,0.0,4123,0.4
-0.071215,timelineCoverageRate,-0.14243,0.6667,4123,0.5
0.31746,avgFuelPerMatch,0.226757,50.1667,4201,1.4
0.051869,avgAutoFuel,0.086448,2.55,4201,0.6
0.181402,avgShootHeldSec,0.226752,10.0333,4201,0.8
-0.272625,avgPassHeldSec,-0.54525,0.67,4201,0.5
0.272108,estimatedFuelPoints,0.226757,50.1667,4201,1.2
0.352509,consistencyIndex,0.391677,0.5835,4201,0.9
0.054457,reliabilityIndex,0.054457,0.8333,4201,1.0
0.119747,disciplineIndex,0.171067,1.0,4201,0.7
0.29073,defenseHeavyRate,0.726824,0.1667,4201,0.4
0.200816,timelineCoverageRate,0.401632,0.8333,4201,0.5
3.434467,avgFuelPerMatch,2.453191,137.8667,4322,1.4
-0.003693,avgAutoFuel,-0.006155,2.25,4322,0.6
1.962549,avgShootHeldSec,2.453187,27.5733,4322,0.8
-0.309841,avgPassHeldSec,-0.619682,0.2567,4322,0.5
2.943829,estimatedFuelPoints,2.453191,137.8667,4322,1.2
2.174786,consistencyIndex,2.416429,0.9148,4322,0.9
1.127563,reliabilityIndex,1.127563,1.0,4322,1.0
0.119747,disciplineIndex,0.171067,1.0,4322,0.7
-0.201583,defenseHeavyRate,-0.503957,0.0,4322,0.4
0.47301,timelineCoverageRate,0.946021,1.0,4322,0.5
0.661916,avgFuelPerMatch,0.472797,59.8583,4415,1.4
-0.154952,avgAutoFuel,-0.258253,1.4333,4415,0.6
0.378242,avgShootHeldSec,0.472802,11.9717,4415,0.8
-0.183182,avgPassHeldSec,-0.366364,1.6633,4415,0.5
0.567356,estimatedFuelPoints,0.472797,59.8583,4415,1.2
0.863495,consistencyIndex,0.959439,0.6764,4415,0.9
0.054457,reliabilityIndex,0.054457,0.8333,4415,1.0
0.119747,disciplineIndex,0.171067,1.0,4415,0.7
-0.201583,defenseHeavyRate,-0.503957,0.0,4415,0.4
0.47301,timelineCoverageRate,0.946021,1.0,4415,0.5
-0.193513,avgFuelPerMatch,-0.138223,35.79,4470,1.4
1.179779,avgAutoFuel,1.966299,8.64,4470,0.6
-0.110578,avgShootHeldSec,-0.138223,7.158,4470,0.8
0.777494,avgPassHeldSec,1.554988,12.332,4470,0.5
-0.165868,estimatedFuelPoints,-0.138223,35.79,4470,1.2
-0.853725,consistencyIndex,-0.948583,0.3642,4470,0.9
-1.447377,reliabilityIndex,-1.447377,0.6,4470,1.0
0.119747,disciplineIndex,0.171067,1.0,4470,0.7
0.389074,defenseHeavyRate,0.972685,0.2,4470,0.4
-0.180126,timelineCoverageRate,-0.360251,0.6,4470,0.5
-1.46555,avgFuelPerMatch,-1.046822,0.0,4501,1.4
-0.420409,avgAutoFuel,-0.700681,0.0,4501,0.6
-0.837457,avgShootHeldSec,-1.046822,0.0,4501,0.8
-0.332956,avgPassHeldSec,-0.665912,0.0,4501,0.5
-1.256186,estimatedFuelPoints,-1.046822,0.0,4501,1.2
-1.285505,consistencyIndex,-1.428339,0.2857,4501,0.9
-0.481774,reliabilityIndex,-0.481774,0.75,4501,1.0
0.119747,disciplineIndex,0.171067,1.0,4501,0.7
0.536738,defenseHeavyRate,1.341845,0.25,4501,0.4
-1.159829,timelineCoverageRate,-2.319659,0.0,4501,0.5
-0.616992,avgFuelPerMatch,-0.440709,23.875,4964,1.4
0.479382,avgAutoFuel,0.79897,4.8583,4964,0.6
-0.352567,avgShootHeldSec,-0.440708,4.775,4964,0.8
-0.211394,avgPassHeldSec,-0.422787,1.35,4964,0.5
-0.52885,estimatedFuelPoints,-0.440709,23.875,4964,1.2
0.480668,consistencyIndex,0.534076,0.6068,4964,0.9
1.127563,reliabilityIndex,1.127563,1.0,4964,1.0
0.119747,disciplineIndex,0.171067,1.0,4964,0.7
-0.201583,defenseHeavyRate,-0.503957,0.0,4964,0.4
0.47301,timelineCoverageRate,0.946021,1.0,4964,0.5
-0.683633,avgFuelPerMatch,-0.488309,22.0,4999,1.4
-0.420409,avgAutoFuel,-0.700681,0.0,4999,0.6
-0.390647,avgShootHeldSec,-0.488309,4.4,4999,0.8
-0.234653,avgPassHeldSec,-0.469305,1.0917,4999,0.5
-0.585971,estimatedFuelPoints,-0.488309,22.0,4999,1.2
-0.166727,consistencyIndex,-0.185252,0.4891,4999,0.9
1.127563,reliabilityIndex,1.127563,1.0,4999,1.0
-0.008009,disciplineIndex,-0.011442,0.9722,4999,0.7
1.275059,defenseHeavyRate,3.187647,0.5,4999,0.4
-0.071215,timelineCoverageRate,-0.14243,0.6667,4999,0.5
-0.405519,avgFuelPerMatch,-0.289656,29.825,5089,1.4
0.179977,avgAutoFuel,0.299961,3.2417,5089,0.6
-0.231725,avgShootHeldSec,-0.289656,5.965,5089,0.8
-0.313443,avgPassHeldSec,-0.626886,0.2167,5089,0.5
-0.347588,estimatedFuelPoints,-0.289656,29.825,5089,1.2
-0.325138,consistencyIndex,-0.361265,0.4603,5089,0.9
0.483828,reliabilityIndex,0.483828,0.9,5089,1.0
0.119747,disciplineIndex,0.171067,1.0,5089,0.7
-0.201583,defenseHeavyRate,-0.503957,0.0,5089,0.4
-0.071215,timelineCoverageRate,-0.14243,0.6667,5089,0.5
-0.464458,avgFuelPerMatch,-0.331755,28.1667,5124,1.4
-0.360216,avgAutoFuel,-0.600361,0.325,5124,0.6
-0.265408,avgShootHeldSec,-0.33176,5.6333,5124,0.8
-0.120294,avgPassHeldSec,-0.240588,2.3617,5124,0.5
-0.398107,estimatedFuelPoints,-0.331755,28.1667,5124,1.2
-0.405444,consistencyIndex,-0.450493,0.4457,5124,0.9
1.127563,reliabilityIndex,1.127563,1.0,5124,1.0
0.119747,disciplineIndex,0.171067,1.0,5124,0.7
-0.201583,defenseHeavyRate,-0.503957,0.0,5124,0.4
0.200816,timelineCoverageRate,0.401632,0.8333,5124,0.5
0.879314,avgFuelPerMatch,0.628081,65.975,5137,1.4
-0.128708,avgAutoFuel,-0.214513,1.575,5137,0.6
0.502465,avgShootHeldSec,0.628082,13.195,5137,0.8
-0.332956,avgPassHeldSec,-0.665912,0.0,5137,0.5
0.753697,estimatedFuelPoints,0.628081,65.975,5137,1.2
0.593976,consistencyIndex,0.659973,0.6274,5137,0.9
0.161961,reliabilityIndex,0.161961,0.85,5137,1.0
0.119747,disciplineIndex,0.171067,1.0,5137,0.7
-0.201583,defenseHeavyRate,-0.503957,0.0,5137,0.4
0.47301,timelineCoverageRate,0.946021,1.0,5137,0.5
0.408386,avgFuelPerMatch,0.291704,52.725,5669,1.4
-0.420409,avgAutoFuel,-0.700681,0.0,5669,0.6
0.233364,avgShootHeldSec,0.291705,10.545,5669,0.8
-0.065969,avgPassHeldSec,-0.131938,2.965,5669,0.5
0.350045,estimatedFuelPoints,0.291704,52.725,5669,1.2
-0.090272,consistencyIndex,-0.100302,0.503,5669,0.9
1.127563,reliabilityIndex,1.127563,1.0,5669,1.0
0.119747,disciplineIndex,0.171067,1.0,5669,0.7
-0.201583,defenseHeavyRate,-0.503957,0.0,5669,0.4
0.47301,timelineCoverageRate,0.946021,1.0,5669,0.5
-1.402641,avgFuelPerMatch,-1.001887,1.77,5835,1.4
-0.420409,avgAutoFuel,-0.700681,0.0,5835,0.6
-0.801509,avgShootHeldSec,-1.001887,0.354,5835,0.8
-0.332956,avgPassHeldSec,-0.665912,0.0,5835,0.5
-1.202264,estimatedFuelPoints,-1.001887,1.77,5835,1.2
-1.023687,consistencyIndex,-1.13743,0.3333,5835,0.9
-2.219859,reliabilityIndex,-2.219859,0.48,5835,1.0
0.119747,disciplineIndex,0.171067,1.0,5835,0.7
0.389074,defenseHeavyRate,0.972685,0.2,5835,0.4
-0.833261,timelineCoverageRate,-1.666523,0.2,5835,0.5
-1.154265,avgFuelPerMatch,-0.824475,8.7583,5857,1.4
-0.420409,avgAutoFuel,-0.700681,0.0,5857,0.6
-0.659576,avgShootHeldSec,-0.82447,1.7517,5857,0.8
-0.322304,avgPassHeldSec,-0.644607,0.1183,5857,0.5
-0.98937,estimatedFuelPoints,-0.824475,8.7583,5857,1.2
-0.408194,consistencyIndex,-0.453549,0.4452,5857,0.9
-0.803642,reliabilityIndex,-0.803642,0.7,5857,1.0
0.119747,disciplineIndex,0.171067,1.0,5857,0.7
-0.201583,defenseHeavyRate,-0.503957,0.0,5857,0.4
-0.343409,timelineCoverageRate,-0.686819,0.5,5857,0.5
-1.46555,avgFuelPerMatch,-1.046822,0.0,6000,1.4
-0.420409,avgAutoFuel,-0.700681,0.0,6000,0.6
-0.837457,avgShootHeldSec,-1.046822,0.0,6000,0.8
0.396193,avgPassHeldSec,0.792387,8.0975,6000,0.5
-1.256186,estimatedFuelPoints,-1.046822,0.0,6000,1.2
-1.285505,consistencyIndex,-1.428339,0.2857,6000,0.9
-1.447377,reliabilityIndex,-1.447377,0.6,6000,1.0
0.119747,disciplineIndex,0.171067,1.0,6000,0.7
-0.201583,defenseHeavyRate,-0.503957,0.0,6000,0.4
-0.751619,timelineCoverageRate,-1.503239,0.25,6000,0.5
-0.794406,avgFuelPerMatch,-0.567433,18.8833,6072,1.4
-0.27378,avgAutoFuel,-0.456301,0.7917,6072,0.6
-0.453942,avgShootHeldSec,-0.567427,3.7767,6072,0.8
-0.332956,avgPassHeldSec,-0.665912,0.0,6072,0.5
-0.680919,estimatedFuelPoints,-0.567433,18.8833,6072,1.2
-0.312487,consistencyIndex,-0.347208,0.4626,6072,0.9
0.054457,reliabilityIndex,0.054457,0.8333,6072,1.0
0.119747,disciplineIndex,0.171067,1.0,6072,0.7
-0.201583,defenseHeavyRate,-0.503957,0.0,6072,0.4
-0.343409,timelineCoverageRate,-0.686819,0.5,6072,0.5
-0.445503,avgFuelPerMatch,-0.318217,28.7,6220,1.4
-0.420409,avgAutoFuel,-0.700681,0.0,6220,0.6
-0.254573,avgShootHeldSec,-0.318216,5.74,6220,0.8
-0.250113,avgPassHeldSec,-0.500227,0.92,6220,0.5
-0.38186,estimatedFuelPoints,-0.318217,28.7,6220,1.2
0.175397,consistencyIndex,0.194885,0.5513,6220,0.9
1.127563,reliabilityIndex,1.127563,1.0,6220,1.0
0.119747,disciplineIndex,0.171067,1.0,6220,0.7
-0.201583,defenseHeavyRate,-0.503957,0.0,6220,0.4
0.146442,timelineCoverageRate,0.292885,0.8,6220,0.5
-0.542354,avgFuelPerMatch,-0.387396,25.975,6904,1.4
0.500996,avgAutoFuel,0.834993,4.975,6904,0.6
-0.309917,avgShootHeldSec,-0.387396,5.195,6904,0.8
-0.008339,avgPassHeldSec,-0.016679,3.605,6904,0.5
-0.464875,estimatedFuelPoints,-0.387396,25.975,6904,1.2
-0.031418,consistencyIndex,-0.034909,0.5137,6904,0.9
-1.661741,reliabilityIndex,-1.661741,0.5667,6904,1.0
0.119747,disciplineIndex,0.171067,1.0,6904,0.7
0.29073,defenseHeavyRate,0.726824,0.1667,6904,0.4
0.200816,timelineCoverageRate,0.401632,0.8333,6904,0.5
-0.213061,avgFuelPerMatch,-0.152186,35.24,7042,1.4
0.229668,avgAutoFuel,0.382779,3.51,7042,0.6
-0.121749,avgShootHeldSec,-0.152186,7.048,7042,0.8
0.842868,avgPassHeldSec,1.685735,13.058,7042,0.5
-0.182623,estimatedFuelPoints,-0.152186,35.24,7042,1.2
-0.145826,consistencyIndex,-0.162029,0.4929,7042,0.9
1.127563,reliabilityIndex,1.127563,1.0,7042,1.0
-0.033285,disciplineIndex,-0.04755,0.9667,7042,0.7
-0.201583,defenseHeavyRate,-0.503957,0.0,7042,0.4
0.146442,timelineCoverageRate,0.292885,0.8,7042,0.5
-1.095561,avgFuelPerMatch,-0.782544,10.41,7230,1.4
-0.420409,avgAutoFuel,-0.700681,0.0,7230,0.6
-0.626035,avgShootHeldSec,-0.782544,2.082,7230,0.8
-0.332956,avgPassHeldSec,-0.665912,0.0,7230,0.5
-0.939052,estimatedFuelPoints,-0.782544,10.41,7230,1.2
-0.886727,consistencyIndex,-0.985253,0.3582,7230,0.9
-1.447377,reliabilityIndex,-1.447377,0.6,7230,1.0
-4.475804,disciplineIndex,-6.394006,0.0,7230,0.7
-0.201583,defenseHeavyRate,-0.503957,0.0,7230,0.4
-0.506693,timelineCoverageRate,-1.013387,0.4,7230,0.5
-1.025128,avgFuelPerMatch,-0.732234,12.3917,8898,1.4
0.260227,avgAutoFuel,0.433711,3.675,8898,0.6
-0.585791,avgShootHeldSec,-0.732239,2.4783,8898,0.8
-0.288833,avgPassHeldSec,-0.577667,0.49,8898,0.5
-0.878681,estimatedFuelPoints,-0.732234,12.3917,8898,1.2
0.023036,consistencyIndex,0.025596,0.5236,8898,0.9
-0.159907,reliabilityIndex,-0.159907,0.8,8898,1.0
0.119747,disciplineIndex,0.171067,1.0,8898,0.7
-0.201583,defenseHeavyRate,-0.503957,0.0,8898,0.4
0.200816,timelineCoverageRate,0.401632,0.8333,8898,0.5
2.508368,avgFuelPerMatch,1.791691,111.81,9408,1.4
0.485253,avgAutoFuel,0.808755,4.89,9408,0.6
1.433353,avgShootHeldSec,1.791692,22.362,9408,0.8
0.743096,avgPassHeldSec,1.486193,11.95,9408,0.5
2.150029,estimatedFuelPoints,1.791691,111.81,9408,1.2
0.491119,consistencyIndex,0.545688,0.6087,9408,0.9
-0.674895,reliabilityIndex,-0.674895,0.72,9408,1.0
0.119747,disciplineIndex,0.171067,1.0,9408,0.7
-0.201583,defenseHeavyRate,-0.503957,0.0,9408,0.4
0.47301,timelineCoverageRate,0.946021,1.0,9408,0.5
-1.46555,avgFuelPerMatch,-1.046822,0.0,9505,1.4
-0.420409,avgAutoFuel,-0.700681,0.0,9505,0.6
-0.837457,avgShootHeldSec,-1.046822,0.0,9505,0.8
-0.074163,avgPassHeldSec,-0.148326,2.874,9505,0.5
-1.256186,estimatedFuelPoints,-1.046822,0.0,9505,1.2
-1.285505,consistencyIndex,-1.428339,0.2857,9505,0.9
-0.932389,reliabilityIndex,-0.932389,0.68,9505,1.0
0.119747,disciplineIndex,0.171067,1.0,9505,0.7
-0.201583,defenseHeavyRate,-0.503957,0.0,9505,0.4
-0.833261,timelineCoverageRate,-1.666523,0.2,9505,0.5
-1.440316,avgFuelPerMatch,-1.028797,0.71,9696,1.4
-0.420409,avgAutoFuel,-0.700681,0.0,9696,0.6
-0.823037,avgShootHeldSec,-1.028797,0.142,9696,0.8
-0.332956,avgPassHeldSec,-0.665912,0.0,9696,0.5
-1.234556,estimatedFuelPoints,-1.028797,0.71,9696,1.2
-1.023687,consistencyIndex,-1.13743,0.3333,9696,0.9
-0.417401,reliabilityIndex,-0.417401,0.76,9696,1.0
0.119747,disciplineIndex,0.171067,1.0,9696,0.7
-0.201583,defenseHeavyRate,-0.503957,0.0,9696,0.4
-0.833261,timelineCoverageRate,-1.666523,0.2,9696,0.5
-1.46555,avgFuelPerMatch,-1.046822,0.0,11096,1.4
-0.420409,avgAutoFuel,-0.700681,0.0,11096,0.6
-0.837457,avgShootHeldSec,-1.046822,0.0,11096,0.8
-0.332956,avgPassHeldSec,-0.665912,0.0,11096,0.5
-1.256186,estimatedFuelPoints,-1.046822,0.0,11096,1.2
-1.285505,consistencyIndex,-1.428339,0.2857,11096,0.9
1.127563,reliabilityIndex,1.127563,1.0,11096,1.0
0.119747,disciplineIndex,0.171067,1.0,11096,0.7
1.570387,defenseHeavyRate,3.925968,0.6,11096,0.4
-1.159829,timelineCoverageRate,-2.319659,0.0,11096,0.5
>>>>>>> c533c9d0a0f2d0c0b1df521e5832b775cc1f65b0
