avgAutoFuel_contribution,avgAutoFuel_normalized,avgAutoFuel_raw,avgFuelPerMatch_contribution,avgFuelPerMatch_normalized,avgFuelPerMatch_raw,avgPassHeldSec_contribution,avgPassHeldSec_normalized,avgPassHeldSec_raw,avgShootHeldSec_contribution,avgShootHeldSec_normalized,avgShootHeldSec_raw,consistencyIndex_contribution,consistencyIndex_normalized,consistencyIndex_raw,defenseHeavyRate_contribution,defenseHeavyRate_normalized,defenseHeavyRate_raw,disciplineIndex_contribution,disciplineIndex_normalized,disciplineIndex_raw,estimatedFuelPoints_contribution,estimatedFuelPoints_normalized,estimatedFuelPoints_raw,matchCount,rank,reliabilityIndex_contribution,reliabilityIndex_normalized,reliabilityIndex_raw,score,teamNumber,timelineCoverageRate_contribution,timelineCoverageRate_normalized,timelineCoverageRate_raw,weightedSum
-0.11791,-0.196517,1.6333,1.337507,0.955362,78.8667,-0.332956,-0.665912,0.0,0.764286,0.955357,15.7733,2.192388,2.435986,0.918,-0.201583,-0.503957,0.0,0.119747,0.171067,1.0,1.146434,0.955362,78.8667,3,1,1.127563,1.127563,1.0,100.0,4,0.47301,0.946021,1.0,6.508486
0.318882,0.53147,3.9917,2.219531,1.585379,103.6833,1.095024,2.190048,15.8583,1.268308,1.585385,20.7367,-0.016017,-0.017796,0.5165,-0.201583,-0.503957,0.0,0.119747,0.171067,1.0,1.902455,1.585379,103.6833,6,2,-0.374271,-0.374271,0.7667,100.0,294,0.200816,0.401632,0.8333,6.532893
2.160913,3.601521,13.9375,2.684388,1.91742,116.7625,1.503537,3.007074,20.395,1.533936,1.917421,23.3525,1.273823,1.415359,0.751,-0.201583,-0.503957,0.0,0.119747,0.171067,1.0,2.300904,1.91742,116.7625,4,3,0.483828,0.483828,0.9,100.0,687,0.47301,0.946021,1.0,12.332504
-0.420409,-0.700681,0.0,2.632763,1.880545,115.31,-0.332056,-0.664111,0.01,1.504437,1.880546,23.062,1.598346,1.77594,0.81,-0.201583,-0.503957,0.0,0.119747,0.171067,1.0,2.256654,1.880545,115.31,5,4,1.127563,1.127563,1.0,100.0,1661,0.47301,0.946021,1.0,8.758474
1.420863,2.368105,9.9417,1.637834,1.169881,87.3167,-0.201335,-0.402671,1.4617,0.935902,1.169877,17.4633,0.351959,0.391066,0.5834,-0.201583,-0.503957,0.0,0.119747,0.171067,1.0,1.403858,1.169881,87.3167,6,5,-1.018006,-1.018006,0.6667,100.0,2584,0.200816,0.401632,0.8333,4.650054
0.685277,1.142128,5.97,3.414681,2.439058,137.31,0.676102,1.352204,11.206,1.951247,2.439059,27.462,1.233121,1.370134,0.7436,-0.201583,-0.503957,0.0,0.119747,0.171067,1.0,2.926869,2.439058,137.31,5,6,0.612575,0.612575,0.92,100.0,3476,0.47301,0.946021,1.0,11.891046
-0.003693,-0.006155,2.25,3.434467,2.453191,137.8667,-0.309841,-0.619682,0.2567,1.962549,2.453187,27.5733,2.174786,2.416429,0.9148,-0.201583,-0.503957,0.0,0.119747,0.171067,1.0,2.943829,2.453191,137.8667,3,7,1.127563,1.127563,1.0,100.0,4322,0.47301,0.946021,1.0,11.720835
-0.128708,-0.214513,1.575,0.879314,0.628081,65.975,-0.332956,-0.665912,0.0,0.502465,0.628082,13.195,0.593976,0.659973,0.6274,-0.201583,-0.503957,0.0,0.119747,0.171067,1.0,0.753697,0.628081,65.975,4,8,0.161961,0.161961,0.85,100.0,5137,0.47301,0.946021,1.0,2.820924
0.485253,0.808755,4.89,2.508368,1.791691,111.81,0.743096,1.486193,11.95,1.433353,1.791692,22.362,0.491119,0.545688,0.6087,-0.201583,-0.503957,0.0,0.119747,0.171067,1.0,2.150029,1.791691,111.81,5,9,-0.674895,-0.674895,0.72,100.0,9408,0.47301,0.946021,1.0,7.527498
-0.154952,-0.258253,1.4333,0.661916,0.472797,59.8583,-0.183182,-0.366364,1.6633,0.378242,0.472802,11.9717,0.863495,0.959439,0.6764,-0.201583,-0.503957,0.0,0.119747,0.171067,1.0,0.567356,0.472797,59.8583,6,10,0.054457,0.054457,0.8333,96.413117,4415,0.47301,0.946021,1.0,2.578506
1.435365,2.392274,10.02,0.318643,0.227602,50.2,0.988022,1.976044,14.67,0.182082,0.227603,10.04,-0.77782,-0.864244,0.378,-0.201583,-0.503957,0.0,-0.033285,-0.04755,0.9667,0.273123,0.227602,50.2,5,11,-0.159907,-0.159907,0.8,94.957722,1836,0.47301,0.946021,1.0,2.497651
-0.181177,-0.301962,1.2917,0.994824,0.710589,69.225,0.261502,0.523004,6.6017,0.568471,0.710589,13.845,0.064839,0.072043,0.5312,-0.201583,-0.503957,0.0,0.119747,0.171067,1.0,0.852706,0.710589,69.225,6,12,0.054457,0.054457,0.8333,94.326301,4123,-0.071215,-0.14243,0.6667,2.462572
-0.420409,-0.700681,0.0,0.408386,0.291704,52.725,-0.065969,-0.131938,2.965,0.233364,0.291705,10.545,-0.090272,-0.100302,0.503,-0.201583,-0.503957,0.0,0.119747,0.171067,1.0,0.350045,0.291704,52.725,4,13,1.127563,1.127563,1.0,84.809902,5669,0.47301,0.946021,1.0,1.933883
0.051869,0.086448,2.55,0.31746,0.226757,50.1667,-0.272625,-0.54525,0.67,0.181402,0.226752,10.0333,0.352509,0.391677,0.5835,0.29073,0.726824,0.1667,0.119747,0.171067,1.0,0.272108,0.226757,50.1667,6,14,0.054457,0.054457,0.8333,78.232502,4201,0.200816,0.401632,0.8333,1.568472
0.229668,0.382779,3.51,-0.213061,-0.152186,35.24,0.842868,1.685735,13.058,-0.121749,-0.152186,7.048,-0.145826,-0.162029,0.4929,-0.201583,-0.503957,0.0,-0.033285,-0.04755,0.9667,-0.182623,-0.152186,35.24,5,15,1.127563,1.127563,1.0,76.071471,7042,0.146442,0.292885,0.8,1.448415
0.479382,0.79897,4.8583,-0.616992,-0.440709,23.875,-0.211394,-0.422787,1.35,-0.352567,-0.440708,4.775,0.480668,0.534076,0.6068,-0.201583,-0.503957,0.0,0.119747,0.171067,1.0,-0.52885,-0.440709,23.875,6,16,1.127563,1.127563,1.0,63.841736,4964,0.47301,0.946021,1.0,0.768985
-0.420409,-0.700681,0.0,-0.259798,-0.18557,33.925,1.033496,2.066991,15.175,-0.148456,-0.18557,6.785,0.442715,0.491906,0.5999,-0.201583,-0.503957,0.0,0.119747,0.171067,1.0,-0.222684,-0.18557,33.925,4,17,-0.481774,-0.481774,0.75,56.016768,1515,0.47301,0.946021,1.0,0.334265
-0.333361,-0.555602,0.47,0.310824,0.222017,49.98,-0.168352,-0.336703,1.828,0.177614,0.222018,9.996,0.778239,0.86471,0.6609,-0.201583,-0.503957,0.0,0.119747,0.171067,1.0,0.266421,0.222017,49.98,5,18,-1.447377,-1.447377,0.6,49.553281,2710,0.47301,0.946021,1.0,-0.024818
-0.173472,-0.289121,1.3333,-0.186642,-0.133316,35.9833,-0.317801,-0.635602,0.1683,-0.106649,-0.133311,7.1967,-0.308087,-0.342319,0.4634,0.29073,0.726824,0.1667,0.119747,0.171067,1.0,-0.159979,-0.133316,35.9833,6,19,0.483828,0.483828,0.9,47.164819,1159,0.200816,0.401632,0.8333,-0.15751
-0.420409,-0.700681,0.0,-0.683633,-0.488309,22.0,-0.234653,-0.469305,1.0917,-0.390647,-0.488309,4.4,-0.166727,-0.185252,0.4891,1.275059,3.187647,0.5,-0.008009,-0.011442,0.9722,-0.585971,-0.488309,22.0,6,20,1.127563,1.127563,1.0,47.144454,4999,-0.071215,-0.14243,0.6667,-0.158641
-0.420409,-0.700681,0.0,-0.445503,-0.318217,28.7,-0.250113,-0.500227,0.92,-0.254573,-0.318216,5.74,0.175397,0.194885,0.5513,-0.201583,-0.503957,0.0,0.119747,0.171067,1.0,-0.38186,-0.318217,28.7,5,21,1.127563,1.127563,1.0,43.071945,6220,0.146442,0.292885,0.8,-0.384892
1.179779,1.966299,8.64,-0.193513,-0.138223,35.79,0.777494,1.554988,12.332,-0.110578,-0.138223,7.158,-0.853725,-0.948583,0.3642,0.389074,0.972685,0.2,0.119747,0.171067,1.0,-0.165868,-0.138223,35.79,5,22,-1.447377,-1.447377,0.6,41.268335,4470,-0.180126,-0.360251,0.6,-0.485093
-0.360216,-0.600361,0.325,-0.464458,-0.331755,28.1667,-0.120294,-0.240588,2.3617,-0.265408,-0.33176,5.6333,-0.405444,-0.450493,0.4457,-0.201583,-0.503957,0.0,0.119747,0.171067,1.0,-0.398107,-0.331755,28.1667,6,23,1.127563,1.127563,1.0,36.187103,5124,0.200816,0.401632,0.8333,-0.767383
-0.242147,-0.403578,0.9625,-0.766267,-0.547334,19.675,-0.332956,-0.665912,0.0,-0.437867,-0.547334,3.935,1.109912,1.233236,0.7212,-0.201583,-0.503957,0.0,0.119747,0.171067,1.0,-0.6568,-0.547334,19.675,4,24,0.161961,0.161961,0.85,36.086175,597,0.47301,0.946021,1.0,-0.77299
0.179977,0.299961,3.2417,-0.405519,-0.289656,29.825,-0.313443,-0.626886,0.2167,-0.231725,-0.289656,5.965,-0.325138,-0.361265,0.4603,-0.201583,-0.503957,0.0,0.119747,0.171067,1.0,-0.347588,-0.289656,29.825,6,25,0.483828,0.483828,0.9,29.972144,5089,-0.071215,-0.14243,0.6667,-1.112659
-0.098612,-0.164353,1.7375,-0.8258,-0.589857,18.0,-0.20464,-0.40928,1.425,-0.471885,-0.589857,3.6,0.894297,0.993663,0.682,-0.201583,-0.503957,0.0,0.119747,0.171067,1.0,-0.707828,-0.589857,18.0,4,26,-0.159907,-0.159907,0.8,28.702397,1197,0.47301,0.946021,1.0,-1.1832
0.500996,0.834993,4.975,-0.542354,-0.387396,25.975,-0.008339,-0.016679,3.605,-0.309917,-0.387396,5.195,-0.031418,-0.034909,0.5137,0.29073,0.726824,0.1667,0.119747,0.171067,1.0,-0.464875,-0.387396,25.975,6,27,-1.661741,-1.661741,0.5667,15.685594,6904,0.200816,0.401632,0.8333,-1.906356
0.260227,0.433711,3.675,-1.025128,-0.732234,12.3917,-0.288833,-0.577667,0.49,-0.585791,-0.732239,2.4783,0.023036,0.025596,0.5236,-0.201583,-0.503957,0.0,0.119747,0.171067,1.0,-0.878681,-0.732234,12.3917,6,28,-0.159907,-0.159907,0.8,4.35024,8898,0.200816,0.401632,0.8333,-2.536098
-0.420409,-0.700681,0.0,-1.311655,-0.936896,4.33,-0.32215,-0.644301,0.12,-0.749517,-0.936896,0.866,-0.539653,-0.599615,0.4213,0.389074,0.972685,0.2,0.119747,0.171067,1.0,-1.124275,-0.936896,4.33,5,29,1.127563,1.127563,1.0,1.673014,1759,0.146442,0.292885,0.8,-2.684833
-0.420409,-0.700681,0.0,-1.063929,-0.759949,11.3,-0.121122,-0.242245,2.3525,-0.607959,-0.759949,2.26,-0.108973,-0.121081,0.4996,0.536738,1.341845,0.25,0.119747,0.171067,1.0,-0.911939,-0.759949,11.3,4,30,0.161961,0.161961,0.85,0.332688,980,-0.343409,-0.686819,0.5,-2.759295
-0.420409,-0.700681,0.0,-1.258964,-0.89926,5.8125,-0.332956,-0.665912,0.0,-0.719408,-0.89926,1.1625,-0.843824,-0.937583,0.366,-0.201583,-0.503957,0.0,0.119747,0.171067,1.0,-1.079112,-0.89926,5.8125,4,31,1.127563,1.127563,1.0,0.0,867,-0.751619,-1.503239,0.25,-4.360565
-0.420409,-0.700681,0.0,-0.437062,-0.312187,28.9375,-0.332956,-0.665912,0.0,-0.24975,-0.312187,5.7875,-0.568805,-0.632006,0.416,-0.201583,-0.503957,0.0,0.119747,0.171067,1.0,-0.374625,-0.312187,28.9375,4,32,-2.091112,-2.091112,0.5,0.0,3408,-0.343409,-0.686819,0.5,-4.899964
-0.173472,-0.289121,1.3333,-1.311239,-0.936599,4.3417,-0.332209,-0.664417,0.0083,-0.749283,-0.936604,0.8683,-1.116093,-1.240104,0.3165,0.29073,0.726824,0.1667,0.119747,0.171067,1.0,-1.123919,-0.936599,4.3417,6,33,1.127563,1.127563,1.0,0.0,3759,-0.343409,-0.686819,0.5,-3.611585
-0.420409,-0.700681,0.0,-1.46555,-1.046822,0.0,-0.332956,-0.665912,0.0,-0.837457,-1.046822,0.0,-1.285505,-1.428339,0.2857,0.536738,1.341845,0.25,0.119747,0.171067,1.0,-1.256186,-1.046822,0.0,4,34,-0.481774,-0.481774,0.75,0.0,4501,-1.159829,-2.319659,0.0,-6.583182
-0.420409,-0.700681,0.0,-1.402641,-1.001887,1.77,-0.332956,-0.665912,0.0,-0.801509,-1.001887,0.354,-1.023687,-1.13743,0.3333,0.389074,0.972685,0.2,0.119747,0.171067,1.0,-1.202264,-1.001887,1.77,5,35,-2.219859,-2.219859,0.48,0.0,5835,-0.833261,-1.666523,0.2,-7.727766
-0.420409,-0.700681,0.0,-1.154265,-0.824475,8.7583,-0.322304,-0.644607,0.1183,-0.659576,-0.82447,1.7517,-0.408194,-0.453549,0.4452,-0.201583,-0.503957,0.0,0.119747,0.171067,1.0,-0.98937,-0.824475,8.7583,6,36,-0.803642,-0.803642,0.7,0.0,5857,-0.343409,-0.686819,0.5,-5.183005
-0.420409,-0.700681,0.0,-1.46555,-1.046822,0.0,0.396193,0.792387,8.0975,-0.837457,-1.046822,0.0,-1.285505,-1.428339,0.2857,-0.201583,-0.503957,0.0,0.119747,0.171067,1.0,-1.256186,-1.046822,0.0,4,37,-1.447377,-1.447377,0.6,0.0,6000,-0.751619,-1.503239,0.25,-7.149746
-0.27378,-0.456301,0.7917,-0.794406,-0.567433,18.8833,-0.332956,-0.665912,0.0,-0.453942,-0.567427,3.7767,-0.312487,-0.347208,0.4626,-0.201583,-0.503957,0.0,0.119747,0.171067,1.0,-0.680919,-0.567433,18.8833,6,38,0.054457,0.054457,0.8333,0.0,6072,-0.343409,-0.686819,0.5,-3.219278
-0.420409,-0.700681,0.0,-1.095561,-0.782544,10.41,-0.332956,-0.665912,0.0,-0.626035,-0.782544,2.082,-0.886727,-0.985253,0.3582,-0.201583,-0.503957,0.0,-4.475804,-6.394006,0.0,-0.939052,-0.782544,10.41,5,39,-1.447377,-1.447377,0.6,0.0,7230,-0.506693,-1.013387,0.4,-10.932198
-0.420409,-0.700681,0.0,-1.46555,-1.046822,0.0,-0.074163,-0.148326,2.874,-0.837457,-1.046822,0.0,-1.285505,-1.428339,0.2857,-0.201583,-0.503957,0.0,0.119747,0.171067,1.0,-1.256186,-1.046822,0.0,5,40,-0.932389,-0.932389,0.68,0.0,9505,-0.833261,-1.666523,0.2,-7.186756
-0.420409,-0.700681,0.0,-1.440316,-1.028797,0.71,-0.332956,-0.665912,0.0,-0.823037,-1.028797,0.142,-1.023687,-1.13743,0.3333,-0.201583,-0.503957,0.0,0.119747,0.171067,1.0,-1.234556,-1.028797,0.71,5,41,-0.417401,-0.417401,0.76,0.0,9696,-0.833261,-1.666523,0.2,-6.607459
-0.420409,-0.700681,0.0,-1.46555,-1.046822,0.0,-0.332956,-0.665912,0.0,-0.837457,-1.046822,0.0,-1.285505,-1.428339,0.2857,1.570387,3.925968,0.6,0.119747,0.171067,1.0,-1.256186,-1.046822,0.0,5,42,1.127563,1.127563,1.0,0.0,11096,-1.159829,-2.319659,0.0,-3.940195
